Uid,Account uid,FirstName,LastName,NamePrefix,Gender,Birthday,Source,Photo,Facebook,Twitter,GooglePlus,LinkedIn
1,1,Jerry,Miller,Mr.,male,1972-12-19,call,,,@Jerry50Miller,https://plus.google.com/114393099883110494088/posts,
2,2,Roy,Rodgers,Mr.,male,1974-01-29,website,,https://www.facebook.com/pages/ROY-Rodgers-Palmer/447252145330063,@legendary_roy,,
3,3,Frank,Robinson,Mr.,male,1975-10-09,website,,,@frankdieSEL,,
4,3,Richard,Robinson,Mr.,male,1976-02-18,website,,,@HallyMk1,,
5,3,Ross,Robinson,Mr.,male,1987-05-18,call,,,@Ross76,,
6,4,Jennifer,Ramos,Ms.,female,1974-06-17,call,,,@jenjillharman,,
7,4,Wendy,Ramos,Ms.,female,1987-02-05,website,,,@wendyramos87,,
8,4,Kelly,Ramos,Ms.,female,1979-06-15,call,,,@Prsnlinjrylaw,,
9,5,Cheryl,White,Ms.,female,1972-12-05,call,,,@LadyScorcher,,
10,5,Jose,White,Mr.,male,1974-09-23,website,,,@JoseBurton,,
11,6,Karen,Rogers,Ms.,female,1977-11-20,call,,,@Karen_DaviLa,,
12,6,Judith,Rogers,Ms.,female,1971-06-02,call,,,@judyarogers,,
13,7,Terry,Simpson,Mr.,male,1975-01-04,call,,,@drterrysimpson,,
14,7,Judy,Simpson,Ms.,female,1987-10-10,website,,,@judithharris,,
15,8,Alan,Freeman,Mr.,male,1975-12-11,website,,,@Al_Freezer,,
16,8,Lillian,Freeman,Ms.,female,1972-12-28,website,,,@spotlessbaby,,
17,9,Arthur,Fisher,Mr.,male,1976-09-08,website,,,@ArthurFisher,,
18,9,Donald,Fisher,Mr.,male,1987-02-10,call,,,@Don_Rolan,,
19,10,Patricia,Lane,Ms.,female,1990-01-08,call,,https://www.facebook.com/patriciaolivera.Taylor,,,
20,10,Rachel,Lane,Ms.,female,1977-01-22,website,,,@RachelLane,,
21,11,Harold,Weaver,Mr.,male,1977-03-25,call,,,@haroldweaver50,,
22,11,Louise,Weaver,Ms.,female,1988-08-29,website,,,,,
23,12,Shirley,Graham,Ms.,female,1974-12-10,call,,,@geraldbarr,,
24,12,Gerald,Graham,Mr.,male,1970-11-05,call,,,,,
25,13,Carolyn,Perkins,Ms.,female,1979-06-29,website,,,,,
26,13,Helen,Perkins,Ms.,female,1977-08-09,call,,,@HelenPeters22,,
27,14,Rachel,Howell,Ms.,female,1977-03-25,website,,,,,
28,14,Maria,Howell,Ms.,female,1972-11-15,call,,,@beautifulkandie,,
29,15,Jean,Castillo,Ms.,female,1980-05-07,website,,,@jeanp68,,
30,15,Stephen,Castillo,Mr.,male,1971-10-17,website,,,@stephenm046,,
31,16,Lawrence,Garrett,Mr.,male,1978-09-12,call,,,@GarrettLaurence,,
32,16,Sharon,Garrett,Ms.,female,1985-08-05,website,,,@sharonwatkins,,
33,17,Philip,Hernandez,Mr.,male,1977-08-04,call,,,@philiphernandez,,
34,17,Joyce,Hernandez,Ms.,female,1979-11-22,call,,,@employable2,,
35,18,Ruth,Barnes,Ms.,female,1983-01-05,other,,,@ruthbarnesmusic,,
36,18,Nicole,Barnes,Ms.,female,1981-02-22,call,,,@nicolehart30,,
37,19,Arthur,Cook,Mr.,male,1972-02-11,other,,,,,
38,19,Kelly,Cook,Ms.,female,1985-09-14,call,,,,,
39,20,Kathy,Perez,Ms.,female,1974-12-12,other,,,,,
40,21,Wanda,Ford,Ms.,female,1973-09-17,call,,,,,
41,22,Benjamin,Ryan,,male,1982-04-10,other,,,,,
42,23,Chris,Tucker,Mr.,male,1972-09-01,call,,,,https://plus.google.com/+ka7niq/posts,
43,24,Bobby,Ramos,Mr.,male,1976-11-17,other,,,,https://plus.google.com/102983116179284471787/posts,
44,25,Joan,Anderson,Ms.,female,1976-11-17,call,,,,https://plus.google.com/103016420791975560087/posts,
45,26,Alice,Berry,Ms.,female,1970-12-29,other,,,,https://plus.google.com/108467081183809880584/posts,
46,27,Justin,Reyes,Mr.,male,1974-01-25,call,,,,https://plus.google.com/105429443855261476765/posts,
47,28,Evelyn,Burke,Ms.,female,1985-11-03,other,,,,,
48,29,Gloria,Garrett,Ms.,female,1975-04-01,call,,,,,
49,30,Annie,Mitchell,Ms.,female,1986-08-16,other,,,,,
50,31,Frances,Gutierrez,Ms.,female,1986-07-19,call,,,,,
51,32,Peter,Hayes,Mr.,male,1974-10-07,other,,,,,
52,33,Anne,Ray,Ms.,female,1982-04-02,call,,,,,
53,34,George,Mendoza,,male,1970-11-18,other,,,,,
54,35,Cynthia,West,Ms.,female,1974-12-03,website,,,,,
55,36,Henry,Lawrence,Mr.,male,1983-03-08,call,,,,,
56,37,Janet,Wright,Ms.,female,1972-03-21,other,,,,,
57,38,Willie,Chavez,Mr.,male,1987-08-06,call,,,,,
58,39,Angela,James,Ms.,female,1987-02-19,website,,,@angelajames,,
59,40,Ashley,Stone,Ms.,female,1971-04-09,tv,,,@ashleystone94,,
60,41,Billy,Hansen,Mr.,male,1978-02-08,tv,,,@bhansensc,,
61,42,Adam,Sanders,Mr.,male,1982-03-14,tv,,,,,
62,43,Russell,Howard,,male,1990-01-03,website,,,,,
63,44,Craig,Bishop,Mr.,male,1988-07-28,call,,,,,
64,45,Teresa,Ramos,Ms.,female,1989-08-21,call,,,,,
65,46,Samuel,Gray,Mr.,male,1984-01-23,tv,,,,,
66,47,James,Watson,Mr.,male,1970-08-27,tv,,,,,
67,48,Richard,Schmidt,Mr.,male,1988-04-26,website,,,,,
68,49,Donald,Cooper,Mr.,male,1986-05-18,tv,,,@rybohokyloda,,
69,50,Susan,Hawkins,Ms.,female,1989-10-08,tv,,,@HawkinsSusa,,
